Do you have Family?,Are you paying a Debt?,Employment Status,Are you a Student?,Do you Travel a Lot?,Have a Well Paid Job?,Saving Goals,Duration to Accomplish Goals (years),Monthly Expenses,Debt Amount,Income per Month,Goal Type,Goal Amount,Current Savings,total_savings_required,monthly_savings_rate,income_expense_ratio,monthly_savings_required
True,0,1,1,1,1,Start a company,6,2238,0,5925,Big,8018,1396,6622,0.1182954907555817,0.3777215189873418,91.97222222222223
False,1,1,0,1,0,Purchase a car,21,4574,32010,5210,Big,606,6888,-6282,0.0249026407123474,0.8779270633397313,-24.928571428571427
False,0,2,1,1,0,Purchase a boat,14,1060,0,1972,Big,555,1111,-556,0.1755072979708081,0.537525354969574,-3.3095238095238093
False,0,0,1,1,1,Purchase a land,11,1245,0,1407,Big,6128,4286,1842,0.0907727294721053,0.8848614072494669,13.954545454545455
True,1,2,0,0,0,Build 6 months emergency fund,17,4926,8732,5233,Small,1226,745,481,0.0215656185767796,0.9413338429199312,2.357843137254902
True,0,1,1,0,0,Build 12 months emergency fund,2,3391,0,4139,Small,2724,8631,-5907,0.0359948067990267,0.8192800193283402,-246.125
True,0,0,1,0,1,Break the paycheck-to-paycheck cycle,6,3870,0,6454,,1109,2155,-1046,0.0430930299327631,0.5996281375890921,-14.527777777777779
False,0,0,1,1,0,Saving for long break at work,6,2041,0,4811,Small,6263,9950,-3687,0.1154913206268074,0.4242361255456246,-51.208333333333336
False,0,0,1,0,0,Go on an African Safari,25,6060,0,6575,Big,5866,6610,-744,0.0179040181245847,0.9216730038022812,-2.48
True,0,2,0,0,0,Backpack Through Continent,11,3761,0,6815,Big,2650,3088,-438,0.0481791566152032,0.5518708730741012,-3.3181818181818183
False,0,1,1,1,0,See the Northern Lights,13,4076,0,5059,Big,8087,3754,4333,0.030450633257605,0.8056928246689069,27.775641025641026
False,1,1,0,0,1,Learn a New Language,24,1694,1622,4851,Big,9395,8913,482,0.169045830202855,0.3492063492063492,1.6736111111111112
False,1,1,0,0,1,Learn to Play a Musical Instrument,16,3660,40997,6581,Big,3814,7657,-3843,0.0491280719042073,0.5561464822975232,-20.015625
False,0,0,1,0,0,Fly First Class or in a Private Jet,7,1768,0,6704,Big,2415,4219,-1804,0.2144714481685469,0.2637231503579952,-21.476190476190474
True,0,2,0,0,0,Dine at a Michelin-Star Restaurant,3,2295,0,3550,Big,7555,9076,-1521,0.0674004774991575,0.6464788732394366,-42.25
True,0,2,1,1,0,Sleep in an Ice Hotel,14,3236,0,3319,Big,6468,212,6256,0.0316949613510552,0.974992467610726,37.23809523809524
False,1,2,0,1,0,Bungee Jump,10,1225,45573,6630,Big,9552,5585,3967,0.4418159100374843,0.1847662141779789,33.05833333333333
True,0,2,0,1,1,Visit a Volcano,15,1406,0,2904,Big,3479,2809,670,0.1469014121555859,0.484159779614325,3.7222222222222223
True,1,1,0,0,0,Stay in an Overwater Bungalow,25,4384,3021,5311,Big,7021,6797,224,0.0276334564308167,0.82545659951045,0.7466666666666667
True,1,1,0,1,1,Attend a Major Sporting Event,7,1800,32391,3616,Big,1099,2284,-1185,0.1116049382716049,0.497787610619469,-14.107142857142858
True,1,1,0,1,0,Purchase a land,6,3359,6747,5400,Big,6407,6768,-361,0.047860116578381,0.622037037037037,-5.013888888888889
False,1,1,1,0,0,Home maintenance,1,4956,6361,5053,Small,3539,8817,-5278,0.0205724825600066,0.9808034830793588,-439.8333333333333
False,1,2,1,1,0,Build 12 months emergency fund,29,6583,24564,6761,Small,8409,8890,-481,0.015601387570473,0.9736725336488684,-1.382183908045977
True,0,0,1,1,0,Break the paycheck-to-paycheck cycle,26,1211,0,1403,,9657,399,9258,0.095668592539759,0.8631503920171062,29.673076923076923
False,1,2,0,0,1,Going on holidays in December,8,1740,10757,5293,Small,5263,7712,-2449,0.1748249438499141,0.3287360665029284,-25.510416666666668
True,0,1,0,1,0,Birthday of family member or friend,30,1276,0,4575,Small,841,6107,-5266,0.2809892788003262,0.2789071038251366,-14.627777777777778
False,0,1,1,0,0,Build wealth through investments,14,4535,0,5537,Small,5944,8374,-2430,0.0269227823774173,0.8190355788333032,-14.464285714285714
True,1,1,0,1,0,Pay-off your mortgage early,13,5968,23389,6548,Big,5640,3527,2113,0.0183844669335652,0.9114233353695784,13.544871794871796
False,0,1,1,1,1,Get a Degree or Certification,29,4129,0,4178,Big,9708,2903,6805,0.0245063521485378,0.988271900430828,19.554597701149426
False,1,0,0,1,1,Learn a New Language,1,4376,14239,5010,Big,9990,5838,4152,0.0261627324044397,0.8734530938123752,346.0
False,1,0,0,0,1,Fly First Class or in a Private Jet,28,1725,13098,3008,Big,6115,8658,-2543,0.101088006721277,0.573470744680851,-7.568452380952381
False,0,0,1,0,0,Visit a Volcano,13,3107,0,3824,Big,9917,907,9010,0.0396127850263672,0.8125,57.756410256410255
True,1,1,0,0,1,Stay in an Overwater Bungalow,27,4755,10090,5523,Big,542,326,216,0.0244272175727359,0.8609451385116784,0.6666666666666666
False,0,0,0,0,0,Camp Under the Stars,5,3048,0,4531,Big,4064,1882,2182,0.0487712780981117,0.6726991834032222,36.36666666666667
True,1,2,1,0,1,College Fund for Children,14,1857,37403,5792,Big,7516,5338,2178,0.1679595667501534,0.3206146408839779,12.964285714285714
True,1,1,0,0,1,Organise Family event,20,1102,18260,2923,,7693,3971,3722,0.2406942006119874,0.3770099213137188,15.508333333333333
True,0,2,1,0,0,Build 6 months emergency fund,1,5319,0,6597,Small,7091,9887,-2796,0.0233177425753031,0.8062755798090041,-233.0
False,1,1,1,0,1,Break the paycheck-to-paycheck cycle,14,4298,25285,6349,,7455,3637,3818,0.0343694438591997,0.6769570011025359,22.726190476190474
False,1,0,1,0,0,Plan vacations,30,2695,45179,5467,,6576,4936,1640,0.0752716671084018,0.4929577464788732,4.555555555555555
False,1,2,0,1,1,Pay-off your mortgage early,2,1406,34688,5120,Big,9794,970,8824,0.2589997349299588,0.274609375,367.6666666666667
True,0,0,0,1,1,Starting a family,16,1620,0,6485,Big,7294,746,6548,0.2471040999847584,0.2498072474942174,34.104166666666664
True,0,1,0,0,0,Financial Independence,2,1505,0,2814,Big,3192,4727,-1535,0.1242370393262767,0.5348258706467661,-63.958333333333336
True,1,1,1,1,1,Learn a New Language,30,1473,10578,1564,Big,145,3,142,0.072082734756276,0.9418158567774936,0.39444444444444443
False,1,2,0,0,0,Ride the Orient Express,10,1008,19447,3927,Big,6697,9223,-2526,0.3864914021164021,0.2566844919786096,-21.05
True,1,0,1,1,0,Climb a Mountain,13,2543,12048,5368,Big,3753,7595,-3842,0.0830079687959313,0.4737332339791356,-24.628205128205128
True,1,0,1,1,1,Go Paragliding,11,5312,38175,6634,Big,5691,4983,708,0.0235103629880969,0.8007235453723244,5.363636363636363
True,0,1,1,1,0,Visit a Volcano,29,2314,0,3667,Big,6154,1052,5102,0.0684832245047058,0.6310335424052359,14.660919540229886
True,0,0,0,1,1,Swim with Dolphins or Sharks,9,3087,0,5339,Big,9607,5766,3841,0.0560256187871665,0.5781981644502716,35.56481481481482
False,0,2,1,0,1,Camp Under the Stars,26,2506,0,3613,Big,5740,7888,-2148,0.0575315173352509,0.6936064212565735,-6.884615384615385
False,1,1,0,0,1,Wedding to attend,14,4281,23669,5398,Small,9136,9619,-483,0.0294538739947119,0.7930715079659133,-2.875
True,0,1,0,0,0,Home maintenance,25,4122,0,5850,Small,5544,6587,-1043,0.0344302274090035,0.7046153846153846,-3.4766666666666666
False,1,1,1,0,1,Build 3 months emergency fund,15,1468,13978,2457,Small,359,2745,-2386,0.1140126513672237,0.5974765974765974,-13.255555555555556
True,1,2,1,1,1,Organise Christmas,26,2003,18762,4924,Small,3989,9245,-5256,0.1227315292662603,0.4067831031681559,-16.846153846153847
False,1,0,1,1,1,Plan vacations,18,3852,41987,3856,,869,5261,-4392,0.0259874979646721,0.9989626556016598,-20.333333333333332
False,1,1,0,1,0,Purchase a house / flat,4,1598,44435,6864,Big,742,3452,-2710,0.268796571433942,0.2328088578088578,-56.458333333333336
True,0,2,1,0,1,Go on an African Safari,21,5828,0,6253,Big,3917,2084,1833,0.0184098115315785,0.9320326243403166,7.273809523809524
True,0,0,0,1,1,See the Northern Lights,10,1139,0,4838,Big,3547,7939,-4392,0.3729223530645075,0.2354278627532038,-36.6
False,1,0,0,0,1,Get a Degree or Certification,11,3227,19623,5197,Big,1802,3961,-2159,0.0499062325557455,0.620935154897056,-16.356060606060606
False,0,0,0,0,0,Dine at a Michelin-Star Restaurant,4,3699,0,6734,Big,2329,3214,-885,0.0492157887232113,0.5493020493020493,-18.4375
False,1,1,1,1,0,Sleep in an Ice Hotel,14,1237,2377,1911,Big,485,2530,-2045,0.1248881659476828,0.6473050758765044,-12.172619047619047
False,0,1,1,1,0,Bungee Jump,5,2434,0,4038,Big,6882,587,6295,0.0681593071044346,0.6027736503219415,104.91666666666667
False,0,2,1,1,1,Go Paragliding,14,1390,0,4762,Big,7455,282,7173,0.2464675741421251,0.2918941621167576,42.69642857142857
False,0,1,1,0,0,Stay in an Overwater Bungalow,30,2121,0,5641,Big,4920,6956,-2036,0.1253934243697152,0.375997163623471,-5.655555555555556
True,0,0,1,0,1,Attend a Major Sporting Event,28,4514,0,5553,Big,7656,4199,3457,0.0272523880316031,0.8128939312083558,10.288690476190476
False,0,0,0,1,0,Save for Retirement,27,1485,0,4685,Big,2457,3165,-708,0.212449976759741,0.3169690501600853,-2.185185185185185
True,0,0,1,1,1,Refurbish my home,13,3468,0,3520,Big,4029,8390,-4361,0.0292674230965199,0.9852272727272728,-27.955128205128204
False,0,2,0,1,0,Organise Family event,12,3732,0,6730,,5052,922,4130,0.0483205416725541,0.5545319465081724,28.680555555555557
False,1,1,1,1,1,Build 6 months emergency fund,24,2574,32945,5736,Small,9045,2904,6141,0.0865749117497369,0.448744769874477,21.322916666666668
True,1,1,1,1,1,Break the paycheck-to-paycheck cycle,5,4358,18684,5181,,8151,833,7318,0.0272796717635757,0.8411503570739239,121.96666666666667
True,0,0,0,0,0,Going on holidays in December,15,1505,0,4351,Small,5595,1076,4519,0.1920950099888522,0.345897494828775,25.105555555555554
False,1,2,1,0,0,Organise Christmas,14,3408,40284,5644,Small,1171,3308,-2137,0.0485945799995591,0.6038270729978739,-12.720238095238095
True,1,1,1,0,0,Saving for long break at work,25,1626,27140,5580,Small,496,7432,-6936,0.2110537710543157,0.2913978494623656,-23.12
True,1,0,0,1,1,Build wealth through investments,15,1957,47297,2185,Small,2974,3684,-710,0.0570518576580956,0.8956521739130435,-3.9444444444444446
True,1,2,0,1,1,Pay-off your mortgage early,9,3645,10727,6646,Big,7931,9722,-1791,0.0500224860332567,0.5484501956063798,-16.583333333333332
False,1,2,1,0,0,Starting a family,5,3630,41589,5994,Big,7479,8431,-952,0.0454886961273137,0.6056056056056056,-15.866666666666667
False,1,1,1,1,1,Travel the World,1,3546,36052,5505,Big,9281,8218,1063,0.0437804136688416,0.644141689373297,88.58333333333333
False,1,1,1,0,0,Take a Cooking Class,29,6237,43154,6784,Big,8293,7386,907,0.0174395129234528,0.9193691037735848,2.6063218390804597
True,1,1,0,1,1,Take a Helicopter Tour,26,2856,23872,6100,Big,1514,5860,-4346,0.0747848158871391,0.4681967213114754,-13.929487179487179
True,1,0,1,0,1,Stay in a Five-Star Hotel,13,2648,32612,5248,Big,2005,9163,-7158,0.0748441507470724,0.5045731707317073,-45.88461538461539
True,1,2,1,1,1,Sleep in an Ice Hotel,29,5042,37529,5870,Big,942,312,630,0.0230904511583067,0.8589437819420783,1.8103448275862069
True,0,2,0,0,1,Ride the Orient Express,25,1877,0,6311,Big,9419,4065,5354,0.1791305399262984,0.2974172080494375,17.846666666666668
True,0,1,1,1,1,Scuba Diving in a Coral Reef,9,3944,0,4731,Big,9333,2089,7244,0.030414391748166,0.8336503910378356,67.07407407407408
True,0,0,1,0,1,Start a company,29,1649,0,4486,Big,5964,251,5713,0.1649749319745028,0.3675880517164512,16.416666666666668
True,1,0,0,1,0,Refurbish my home,29,3095,49309,5800,Big,4956,4305,651,0.0605489598367266,0.5336206896551724,1.8706896551724137
False,0,0,0,0,1,Home maintenance,23,1218,0,5727,Small,6576,5072,1504,0.386040266284873,0.2126767941330539,5.449275362318841
True,0,1,1,1,1,Build 12 months emergency fund,19,1489,0,2335,Small,537,205,332,0.1053167598881612,0.6376873661670236,1.456140350877193
False,0,0,1,1,1,Break the paycheck-to-paycheck cycle,15,5888,0,6742,,7360,8210,-850,0.0194470237919423,0.8733313556808069,-4.722222222222222
True,1,0,1,0,0,Saving for long break at work,18,1376,41550,2497,Small,2665,3724,-1059,0.1318808308545159,0.5510612735282339,-4.902777777777778
False,1,2,0,0,0,Plan vacations,3,1854,16994,5093,,4808,5789,-981,0.1481679310252534,0.3640290594934223,-27.25
False,1,0,0,1,1,Purchase a house / flat,5,1802,33227,6442,Big,6627,9739,-3112,0.198386057666842,0.2797267929214529,-51.86666666666667
True,0,2,0,1,1,Starting a family,28,4181,0,5630,Big,4572,4275,297,0.0322068358465629,0.7426287744227353,0.8839285714285714
True,1,1,0,1,0,Go on an African Safari,29,2465,18093,3705,Big,7803,7191,612,0.0609753588782508,0.6653171390013495,1.7586206896551724
False,0,1,0,0,0,Take a Road Trip Across a Country,21,4602,0,6239,Big,1743,7437,-5694,0.0294592548144798,0.7376182080461613,-22.595238095238095
False,1,1,1,0,1,See the Northern Lights,8,3454,22760,6680,Big,4899,410,4489,0.0559927497771186,0.517065868263473,46.760416666666664
False,1,2,0,1,0,Learn a New Language,17,4515,7473,6935,Big,7475,9341,-1866,0.0340197373342702,0.6510454217736121,-9.147058823529411
False,1,0,1,1,0,Learn to Play a Musical Instrument,29,5869,44527,6756,Big,699,6063,-5364,0.019613785518378,0.8687092954410894,-15.413793103448276
True,0,2,0,0,1,Sleep in an Ice Hotel,8,1099,0,3965,Big,6380,159,6221,0.3282825564807448,0.2771752837326607,64.80208333333333
True,1,1,1,0,1,Scuba Diving in a Coral Reef,26,3671,26184,4996,Big,2904,693,2211,0.0370726525297373,0.7347878302642114,7.086538461538462
True,1,1,1,1,1,Go Paragliding,9,1390,47121,6645,Big,2100,6432,-4332,0.3439262978106723,0.2091798344620015,-40.111111111111114
False,1,1,1,0,0,Visit a Volcano,4,1282,30070,4962,Big,7993,2758,5235,0.3019122324955401,0.2583635630794034,109.0625
True,1,0,0,0,0,Stay in an Overwater Bungalow,27,4543,39505,4764,Big,5835,6734,-899,0.0230826825662613,0.9536104114189756,-2.7746913580246915
False,1,1,0,1,0,Explore Ancient Ruins,16,4169,33724,5187,Big,4195,7117,-2922,0.0298436857130215,0.8037401195295932,-15.21875
False,1,0,1,1,0,Save for Retirement,8,1613,33573,3827,Big,6636,3102,3534,0.1470922284030596,0.4214789652469297,36.8125
False,1,0,0,1,1,Purchase a land,8,4129,19141,5466,Big,1187,8987,-7800,0.0320612065208012,0.7553969996341017,-81.25
False,1,0,0,1,0,Organise Family event,19,1734,36309,5032,,5945,430,5515,0.1673564466155551,0.3445945945945945,24.18859649122807
False,1,2,1,0,1,Build 3 months emergency fund,18,2364,36949,2556,Small,9658,6870,2788,0.0457368136257053,0.9248826291079812,12.907407407407407
True,0,0,0,0,0,Build 12 months emergency fund,7,1503,0,4122,Small,3337,7122,-3785,0.1824693925522209,0.3646288209606987,-45.05952380952381
True,1,1,0,0,0,Going on holidays in December,24,3984,40371,6556,Small,1337,2365,-1028,0.0413047773423009,0.6076876143990237,-3.5694444444444446
False,1,1,0,0,1,Birthday of family member or friend,4,1284,17327,4135,Small,3760,840,2920,0.2508103570423424,0.3105199516324063,60.833333333333336
True,1,1,0,1,0,Starting a family,6,3943,37637,5159,Big,765,9098,-8333,0.0331827193351055,0.7642954060864509,-115.73611111111111
False,0,0,1,1,0,Take a Road Trip Across a Country,14,1452,0,4042,Big,7509,709,6800,0.1917180824017788,0.359228104898565,40.476190476190474
True,1,0,0,1,0,See the Northern Lights,18,1060,4395,1212,Big,1706,487,1219,0.1078675685297258,0.8745874587458746,5.643518518518518
True,0,2,1,1,0,Get a Degree or Certification,22,1093,0,4110,Big,980,6520,-5540,0.3440341054150633,0.2659367396593673,-20.984848484848484
True,1,1,0,1,0,Learn a New Language,19,1781,14831,2597,Big,5182,930,4252,0.081873642204302,0.6857912976511359,18.649122807017545
False,0,0,0,1,1,Take a Helicopter Tour,11,2712,0,5160,Big,6722,4830,1892,0.0701568903855692,0.5255813953488372,14.333333333333334
True,1,1,0,1,0,Fly First Class or in a Private Jet,3,3473,26469,5222,Big,8141,4449,3692,0.0432939589340798,0.665070854078897,102.55555555555556
True,0,1,0,0,0,Dine at a Michelin-Star Restaurant,15,2038,0,5475,Big,4415,9677,-5262,0.1318183175215556,0.3722374429223744,-29.233333333333334
False,0,1,1,1,0,Bungee Jump,20,3601,0,3807,Big,3743,4690,-947,0.0293586873528065,0.9458891515629104,-3.9458333333333333
False,1,1,0,1,1,Explore Ancient Ruins,12,1927,48803,4370,Big,2994,3143,-149,0.1176841588773846,0.4409610983981693,-1.0347222222222223
False,0,0,1,0,0,Attend a Major Festival,18,3660,0,5229,Big,7574,2066,5508,0.0390352055898951,0.699942627653471,25.5
False,0,0,1,0,1,Camp Under the Stars,17,1862,0,4363,Big,4962,3227,1735,0.1258420718052612,0.4267705707082282,8.504901960784315
False,0,1,0,0,1,Home maintenance,26,4250,0,4827,Small,6243,6683,-440,0.0267238754325259,0.8804640563496996,-1.4102564102564104
True,1,1,0,0,0,Build 6 months emergency fund,27,1787,30531,5595,Small,3824,3327,497,0.1752068113644242,0.3193923145665773,1.5339506172839505
True,1,0,1,1,1,Going on holidays in December,29,2948,41771,5155,Small,4499,845,3654,0.0593162533207896,0.5718719689621726,10.5
True,1,0,0,0,1,Saving for long break at work,13,5163,39813,6258,Small,3857,9157,-5300,0.0234763896283876,0.8250239693192714,-33.97435897435897
True,1,0,1,0,0,Build wealth through investments,6,3639,19736,5141,Small,6140,7464,-1324,0.0388224994696926,0.707838941840109,-18.38888888888889
False,0,2,1,0,0,Pay-off your mortgage early,29,2898,0,4954,Big,8151,4816,3335,0.058987398081826,0.5849818328623335,9.583333333333334
False,0,0,0,0,1,Backpack Through Continent,20,2868,0,4693,Big,7295,3131,4164,0.0570548095757738,0.6111229490730876,17.35
False,0,0,0,0,0,See the Northern Lights,22,1385,0,5328,Big,4033,7287,-3254,0.2777567803568403,0.2599474474474474,-12.325757575757576
True,1,0,0,0,1,Take a Cooking Class,9,1784,22674,5513,Big,9585,3428,6157,0.1732201029580325,0.3235987665517867,57.00925925925926
True,1,1,0,0,1,Learn a New Language,3,4459,38288,5856,Big,7060,5110,1950,0.0294527684671901,0.761441256830601,54.166666666666664
True,1,0,0,0,1,Fly First Class or in a Private Jet,14,2133,35765,2612,Big,4578,2732,1846,0.0574105175100979,0.8166156202143952,10.988095238095237
False,0,2,1,1,1,Scuba Diving in a Coral Reef,8,5486,0,6252,Big,433,1458,-1025,0.0207733894343325,0.8774792066538708,-10.677083333333334
False,1,0,0,1,1,Attend a Major Festival,8,2428,24774,2603,Big,7017,6066,951,0.0441546862659418,0.932769880906646,9.90625
True,1,1,0,1,0,Zip Line Through a Forest,21,1661,15396,6873,Big,3981,329,3652,0.2491191302686811,0.2416703040884621,14.492063492063492
True,0,1,1,1,1,Swim with Dolphins or Sharks,17,4107,0,6993,Big,2116,9336,-7220,0.0414585513197638,0.5873015873015873,-35.3921568627451
False,0,1,0,0,1,Attend a Major Sporting Event,2,1531,0,1882,Big,425,504,-79,0.080291438296115,0.8134962805526036,-3.2916666666666665
False,0,2,1,1,0,Purchase a boat,4,4445,0,6048,Big,9699,4385,5314,0.0306103469349795,0.7349537037037037,110.70833333333333
True,0,0,0,0,1,Build 12 months emergency fund,16,1454,0,6056,Small,6281,9304,-3023,0.2864554262869208,0.2400924702774108,-15.744791666666666
False,1,1,0,0,1,Break the paycheck-to-paycheck cycle,7,4288,47364,4297,,2447,4350,-1903,0.023369843297505,0.9979055154759134,-22.654761904761905
True,1,2,1,0,0,Going on holidays in December,24,3624,45666,3812,Small,9566,3133,6433,0.0290252864153131,0.950682056663169,22.336805555555557
True,1,2,1,1,0,Organise Christmas,27,1676,12305,4522,Small,4005,9792,-5787,0.1609839315109847,0.3706324635117204,-17.86111111111111
True,0,1,1,0,1,Build wealth through investments,11,4277,0,6877,Small,2789,6187,-3398,0.0375941719794788,0.6219281663516069,-25.742424242424242
True,0,2,0,1,1,Plan vacations,23,1430,0,6735,,5514,498,5016,0.3293559587265881,0.2123236822568671,18.17391304347826
False,1,0,1,1,0,Starting a family,10,1628,35995,1808,Big,1067,1240,-173,0.068216530132992,0.9004424778761062,-1.4416666666666667
False,1,1,1,1,0,Financial Independence,26,3859,23736,5268,Big,2562,3717,-1155,0.03537498050112,0.732536066818527,-3.701923076923077
False,0,0,0,0,0,Take a Road Trip Across a Country,1,4977,0,5385,Big,6489,7706,-1217,0.0217395437941595,0.924233983286908,-101.41666666666667
False,0,2,0,1,0,Take a Helicopter Tour,12,2368,0,3721,Big,307,8839,-8532,0.0663584562180423,0.6363880677237301,-59.25
False,0,0,1,0,1,Fly First Class or in a Private Jet,25,1305,0,2954,Big,539,7951,-7412,0.1734560561354061,0.441773865944482,-24.706666666666667
False,0,2,1,1,1,Dine at a Michelin-Star Restaurant,17,2119,0,3335,Big,3942,4618,-676,0.0742735060056866,0.6353823088455772,-3.3137254901960786
True,0,0,0,0,1,Sleep in an Ice Hotel,21,2184,0,3367,Big,8182,7595,587,0.070589133089133,0.6486486486486487,2.3293650793650795
True,1,2,0,0,1,Scuba Diving in a Coral Reef,26,3795,47134,6207,Big,8790,3011,5779,0.043098105995511,0.611406476558724,18.522435897435898
False,1,2,1,1,1,Climb a Mountain,21,3484,41527,4263,Big,8934,7306,1628,0.0351203665501864,0.8172648369692704,6.4603174603174605
False,0,0,1,0,1,Visit a Volcano,9,1421,0,6310,Big,4767,9278,-4511,0.3124936547940538,0.2251980982567353,-41.76851851851852
True,0,0,1,1,1,Swim with Dolphins or Sharks,9,3362,0,4426,Big,2259,9475,-7216,0.0391575932996456,0.7596023497514686,-66.81481481481481
True,1,0,0,1,0,Camp Under the Stars,1,2139,10608,3304,Big,2982,4634,-1652,0.0722135124508203,0.6473970944309927,-137.66666666666666
False,0,0,0,0,1,College Fund for Children,17,5706,0,5756,Big,5068,796,4272,0.017678981877385,0.9913134120917304,20.941176470588236
False,1,1,1,1,0,Purchase a boat,5,3073,40810,3683,Big,6989,2598,4391,0.0390010768448287,0.8343741515069237,73.18333333333334
False,1,1,1,0,1,Wedding to attend,17,3441,28376,4115,Small,7144,6619,525,0.0347536557003047,0.8362089914945322,2.573529411764706
False,1,1,0,1,0,Home maintenance,14,1180,43812,6927,Small,1654,5047,-3393,0.4974863544958345,0.1703479139598671,-20.196428571428573
True,1,1,0,0,1,Birthday of family member or friend,15,6840,34809,6896,Small,2750,968,1782,0.0147395779898088,0.991879350348028,9.9
True,1,2,0,0,0,Saving for long break at work,26,5539,35161,5786,Small,977,7767,-6790,0.0188588713992177,0.9573107500864156,-21.762820512820515
True,0,1,0,1,1,Build wealth through investments,4,2231,0,3657,Small,655,7307,-6652,0.0734726695532029,0.610062893081761,-138.58333333333334
True,1,1,0,0,0,Purchase a house / flat,21,1687,23083,2796,Big,8470,3081,5389,0.0982442184015356,0.6033619456366237,21.384920634920636
True,0,2,1,0,1,Pay-off your mortgage early,16,1766,0,4760,Big,8485,3080,5405,0.1526249568738305,0.3710084033613445,28.151041666666668
True,1,2,1,0,0,See the Northern Lights,1,2559,14810,6789,Big,4290,7455,-3165,0.103672897577316,0.376933274414494,-263.75
False,0,0,1,0,1,Learn a New Language,25,4265,0,5311,Big,4324,2270,2054,0.0291970000371078,0.8030502730182639,6.846666666666667
False,0,1,1,1,1,Climb a Mountain,2,1274,0,6778,Big,9760,6390,3370,0.4176021332334407,0.187961050457362,140.41666666666666
False,0,1,0,0,1,Bungee Jump,25,4765,0,6662,Big,9612,6312,3300,0.0293412639601677,0.7152506754728309,11.0
True,1,0,1,1,1,Go Paragliding,30,1105,7369,1463,Big,9302,2436,6866,0.1198173665567863,0.7552973342447027,19.072222222222223
True,0,2,0,0,0,Visit a Volcano,4,1133,0,5938,Big,6002,8032,-2030,0.462573099870763,0.1908049848433816,-42.291666666666664
True,0,2,1,1,0,Attend a Major Festival,30,5952,0,6976,Big,9116,203,8913,0.019691582841947,0.8532110091743119,24.758333333333333
True,0,1,0,1,1,Zip Line Through a Forest,29,3343,0,5271,Big,1069,6792,-5723,0.047165046074729,0.6342250047429331,-16.445402298850574
True,0,2,1,1,0,Attend a Major Sporting Event,25,4631,0,5942,Big,9577,4488,5089,0.0277065904709005,0.7793672164254459,16.963333333333335
False,0,0,0,1,0,Camp Under the Stars,8,2398,0,4278,Big,628,2899,-2271,0.0743947729585608,0.5605423094904161,-23.65625
True,0,1,1,1,0,Start a company,3,3787,0,6825,Big,3831,9937,-6106,0.0475895990124792,0.5548717948717948,-169.61111111111111
False,0,0,0,1,0,Purchase a boat,20,2503,0,4732,Big,838,9194,-8356,0.0755306177533025,0.5289518174133558,-34.81666666666667
True,0,2,1,0,1,Purchase a land,12,4760,0,4869,Big,9044,8733,311,0.0214894781441988,0.9776134729924008,2.1597222222222223
True,0,2,0,0,1,Organise Family event,17,3330,0,4624,,7194,5286,1908,0.0416993570146723,0.7201557093425606,9.352941176470589
False,1,0,1,1,0,Break the paycheck-to-paycheck cycle,15,1263,32790,3082,,461,2395,-1934,0.1932083685176931,0.4097988319273199,-10.744444444444444
True,1,2,0,0,1,Going on holidays in December,11,1151,18395,5268,Small,8553,1533,7020,0.3976446273817728,0.2184889901290812,53.18181818181818
True,0,1,1,0,0,Financial Independence,11,2917,0,4384,Big,9578,3159,6419,0.0515225900819719,0.6653740875912408,48.628787878787875
True,0,1,0,0,1,Go on an African Safari,16,3135,0,3391,Big,5819,2745,3074,0.0345026696071772,0.924506045414332,16.010416666666668
False,1,2,0,0,1,Backpack Through Continent,24,2429,27542,5673,Big,6281,4255,2026,0.0961518741988403,0.4281685175392208,7.034722222222222
False,0,2,0,0,0,Get a Degree or Certification,4,4778,0,6245,Big,5942,356,5586,0.027355216221411,0.7650920736589272,116.375
True,0,2,1,0,0,Learn a New Language,14,4783,0,6051,Big,8883,8124,759,0.0264500435348221,0.7904478598578747,4.517857142857143
True,0,1,1,1,0,Learn to Play a Musical Instrument,22,1925,0,2340,Big,4681,5955,-1274,0.0631472423680215,0.8226495726495726,-4.825757575757576
True,1,1,1,0,0,Stay in an Overwater Bungalow,3,1135,30488,1252,Big,2226,5226,-3000,0.0971879912282404,0.9065495207667732,-83.33333333333333
True,1,0,0,1,0,Explore Ancient Ruins,19,2207,44767,5775,Big,1743,7943,-6200,0.1185624929042144,0.3821645021645021,-27.19298245614035
False,1,0,1,1,1,Attend a Major Sporting Event,19,5701,33380,5928,Big,9738,2585,7153,0.0182392137495857,0.9617071524966262,31.37280701754386
False,1,0,1,0,0,Camp Under the Stars,19,1245,16475,3369,Big,6470,8265,-1795,0.2173513330430154,0.3695458593054319,-7.87280701754386
True,1,0,1,1,0,Purchase a boat,26,1378,18288,1508,Big,3455,6552,-3097,0.0794150669551168,0.913793103448276,-9.926282051282051
False,1,2,0,0,0,Build 3 months emergency fund,7,2250,32811,6106,Small,5562,1629,3933,0.1206123456790123,0.3684900098264003,46.82142857142857
False,1,1,1,0,1,Build 6 months emergency fund,25,1197,40760,6689,Small,3944,2230,1714,0.4668451970918664,0.1789505157721632,5.713333333333333
False,1,1,1,0,1,Build 12 months emergency fund,23,3046,11881,6001,Small,4616,2104,2512,0.0646790792441051,0.5075820696550575,9.101449275362318
True,1,1,1,1,1,Organise Christmas,17,2285,14862,5935,Small,2067,1750,317,0.1136706424258674,0.3850042122999157,1.553921568627451
True,1,0,0,0,0,Plan vacations,29,4086,31297,6083,,3368,5813,-2445,0.0364351944691818,0.6717080387966464,-7.025862068965517
False,1,0,0,0,1,Purchase a house / flat,24,1237,13663,4945,Big,9203,8393,810,0.3231669181639413,0.2501516683518706,2.8125
False,0,1,1,1,1,Pay-off your mortgage early,4,1258,0,4714,Big,4489,4495,-6,0.297871049764812,0.2668646584641493,-0.125
False,1,1,1,1,0,Starting a family,27,4409,27705,6225,Big,889,668,221,0.0320227893202428,0.7082730923694779,0.6820987654320988
False,0,0,0,1,0,Take a Road Trip Across a Country,24,2620,0,3282,Big,9915,735,9180,0.0478118990734805,0.7982937233394272,31.875
False,0,0,0,0,0,Get a Degree or Certification,3,1414,0,4929,Big,4831,2696,2135,0.246524450384016,0.2868736051937512,59.30555555555556
True,1,0,0,0,1,Take a Cooking Class,30,1018,46356,5649,Big,9016,7699,1317,0.545099795044793,0.1802088865285891,3.658333333333333
False,1,1,0,1,0,Learn to Play a Musical Instrument,23,3727,25765,6359,Big,9594,1812,7782,0.0457793940029209,0.5860984431514389,28.195652173913043
False,0,2,0,0,0,Take a Helicopter Tour,13,2696,0,3283,Big,6488,4804,1684,0.0451680256055789,0.8212001218397806,10.794871794871796
True,0,2,1,1,0,Stay in a Five-Star Hotel,6,2417,0,4154,Big,5577,5916,-339,0.0711071367497739,0.5818488204140587,-4.708333333333333
True,1,0,0,1,0,Scuba Diving in a Coral Reef,24,1378,24775,3580,Big,7402,8708,-1306,0.1885317902515372,0.3849162011173184,-4.534722222222222
True,0,2,1,1,0,Visit a Volcano,5,5337,0,6713,Big,2111,2537,-426,0.0235679735218574,0.7950245791747356,-7.1
False,0,2,1,1,1,Zip Line Through a Forest,4,3623,0,3793,Big,3401,7695,-4294,0.0288965619643079,0.9551805958344318,-89.45833333333333
True,1,0,0,0,1,Swim with Dolphins or Sharks,1,5509,8824,5929,Big,9233,1441,7792,0.0195360116505669,0.9291617473435656,649.3333333333334
False,0,0,1,1,1,Build 3 months emergency fund,29,1078,0,2260,Small,8876,8961,-85,0.1944781960684425,0.4769911504424778,-0.2442528735632184
True,0,0,1,1,0,Build 6 months emergency fund,13,2215,0,5430,Small,3760,9740,-5980,0.1106757231883984,0.4079189686924493,-38.333333333333336
False,1,0,0,1,1,Going on holidays in December,9,1002,11899,1460,Small,8254,2288,5966,0.145417747339652,0.6863013698630137,55.24074074074074
False,1,2,1,0,1,Birthday of family member or friend,21,3790,46193,4387,Small,2614,8687,-6073,0.0305414192326703,0.8639161157966719,-24.099206349206348
False,1,2,0,0,0,Starting a family,13,4842,39068,5709,Big,9484,7973,1511,0.0243506451961282,0.8481345244351025,9.685897435897436
True,1,0,1,0,0,Learn to Play a Musical Instrument,22,1647,47231,6274,Big,2796,5342,-2546,0.2312902449265633,0.2625119540962703,-9.643939393939394
True,1,1,1,1,0,Take a Helicopter Tour,30,5735,44342,6387,Big,2628,3702,-1074,0.0194191435297265,0.8979176452168467,-2.9833333333333334
False,1,0,0,1,1,Ride the Orient Express,8,3360,39581,4587,Big,7279,5753,1526,0.0406303146258503,0.7325049051667757,15.895833333333334
False,0,0,0,0,1,Skydiving,16,2463,0,4276,Big,5096,8581,-3485,0.0704869749927839,0.5760056127221702,-18.151041666666668
True,0,2,1,0,0,Go Paragliding,26,2073,0,3241,Big,2542,4975,-2433,0.0754189404627851,0.6396174020364085,-7.798076923076923
False,0,1,1,1,0,Explore Ancient Ruins,25,1043,0,1348,Big,2300,7375,-5075,0.1239142564822875,0.7737388724035609,-16.916666666666668
True,0,1,0,0,0,Attend a Major Festival,13,1474,0,6766,Big,7192,6749,443,0.3114132065710672,0.2178539757611587,2.83974358974359
True,1,1,0,1,0,Zip Line Through a Forest,3,4381,24251,5694,Big,115,175,-60,0.0296668172585016,0.769406392694064,-1.6666666666666667
False,1,0,0,1,0,Swim with Dolphins or Sharks,29,1700,47042,3407,Big,9292,4797,4495,0.1178892733564013,0.4989727032579982,12.916666666666666
True,1,1,1,1,0,Purchase a land,6,2987,46626,5348,Big,5961,2798,3163,0.0599405817128099,0.5585265519820494,43.93055555555556
False,0,1,1,0,1,Birthday of family member or friend,1,1603,0,2049,Small,6386,8787,-2401,0.0797397580721424,0.7823328452903856,-200.08333333333334
True,0,1,0,0,0,Build wealth through investments,10,1476,0,5295,Small,9804,3078,6726,0.2430486703241016,0.2787535410764872,56.05
False,1,2,1,1,1,Purchase a house / flat,20,2017,11710,3678,Big,2296,8570,-6274,0.0904065566630099,0.5483958673191952,-26.141666666666666
False,0,2,1,0,1,Take a Road Trip Across a Country,16,2290,0,4932,Big,6953,1224,5729,0.0940485497988215,0.4643146796431468,29.838541666666668
False,0,1,1,1,1,Get a Degree or Certification,11,1315,0,1673,Big,9356,9818,-462,0.0967485434226315,0.7860131500298865,-3.5
False,0,0,1,1,1,Take a Cooking Class,22,1294,0,2973,Big,9128,9808,-680,0.1775523220953204,0.4352505886310124,-2.5757575757575757
False,0,0,1,1,0,Learn a New Language,23,4006,0,4337,Big,7747,1972,5775,0.027025113851938,0.9236799631081392,20.92391304347826
False,1,2,1,1,0,Dine at a Michelin-Star Restaurant,9,1475,33560,3846,Big,7466,3095,4371,0.1767767882792301,0.3835153406136245,40.47222222222222
False,0,1,0,0,0,Ride the Orient Express,3,1624,0,3167,Big,1907,4068,-2161,0.120081474920527,0.5127881275655194,-60.02777777777778
False,1,2,0,1,1,Bungee Jump,9,3062,28741,6207,Big,6188,9853,-3665,0.0662020400510076,0.4933140003222168,-33.93518518518518
False,0,1,0,1,1,Visit a Volcano,7,2623,0,3242,Big,6060,5756,304,0.0471212095005776,0.8090684762492288,3.619047619047619
False,1,1,0,0,0,Stay in an Overwater Bungalow,10,5400,34142,6525,Big,6775,7922,-1147,0.0223765432098765,0.8275862068965517,-9.558333333333334
False,0,0,1,0,0,Swim with Dolphins or Sharks,1,1029,0,1369,Big,1655,4843,-3188,0.1292923111213109,0.7516435354273192,-265.6666666666667
True,1,2,0,1,0,Camp Under the Stars,1,2726,5352,5653,Big,4997,2689,2308,0.0760724288111169,0.4822218291172828,192.33333333333334
True,1,0,0,1,0,Save for Retirement,17,5939,31993,6488,Big,539,2995,-2456,0.0183943391931456,0.9153822441430332,-12.03921568627451
False,1,1,1,0,0,College Fund for Children,5,2181,43125,2778,Big,6966,8702,-1736,0.0584010842672146,0.785097192224622,-28.933333333333334
True,1,1,0,1,1,Refurbish my home,12,2007,26830,5649,Big,986,7022,-6036,0.1402415909041821,0.3552841210833776,-41.916666666666664
True,0,2,0,1,1,Plan vacations,2,1716,0,6735,,4712,3838,874,0.2287194157823529,0.2547884187082405,36.416666666666664
True,1,2,0,0,1,Financial Independence,27,2830,48736,6315,Big,6753,2203,4550,0.0788497796201725,0.4481393507521773,14.04320987654321
False,0,2,0,1,1,Travel the World,17,4443,0,6519,Big,7810,9029,-1219,0.0330238995465558,0.6815462494247584,-5.9754901960784315
False,0,1,0,1,0,Take a Road Trip Across a Country,6,3694,0,5045,Big,7303,4922,2381,0.0369715270142043,0.7322101090188305,33.06944444444444
True,0,1,1,0,1,Backpack Through Continent,5,4030,0,5187,Big,3639,6628,-2989,0.0319378852157208,0.7769423558897243,-49.81666666666667
True,0,0,1,0,1,Get a Degree or Certification,30,4583,0,6786,Big,7226,5639,1587,0.0323083025243563,0.675361037430003,4.408333333333333
False,1,1,1,1,1,Fly First Class or in a Private Jet,27,5329,48924,5603,Big,4372,3384,988,0.0197300952548434,0.9510976262716402,3.049382716049383
False,1,2,1,0,0,Sleep in an Ice Hotel,16,1385,32857,6462,Big,4932,2441,2491,0.3368739329327894,0.2143299288146084,12.973958333333334
True,1,1,1,1,0,Climb a Mountain,22,1071,5199,6852,Big,6361,5145,1216,0.5973631282578391,0.1563047285464098,4.606060606060606
True,0,2,0,1,0,Skydiving,19,1318,0,5256,Big,7175,2152,5023,0.3025690739406053,0.2507610350076104,22.030701754385966
True,1,0,0,1,1,Attend a Major Festival,26,2244,36647,6133,Big,3624,4029,-405,0.1217943829614166,0.3658894505136149,-1.2980769230769231
True,0,1,0,1,0,Swim with Dolphins or Sharks,14,3199,0,3314,Big,6370,3669,2701,0.0323835177861634,0.9652987326493664,16.077380952380953
True,1,0,1,0,1,Save for Retirement,23,4364,20245,5554,Big,1405,7292,-5887,0.029163281611653,0.7857400072020165,-21.329710144927535
False,1,2,0,1,0,College Fund for Children,18,1992,42824,3088,Big,676,3758,-3082,0.0778213254624925,0.6450777202072538,-14.268518518518519
False,1,1,1,1,1,Refurbish my home,5,1487,25202,4464,Big,4081,7784,-3703,0.2018841617262181,0.3331093189964157,-61.71666666666667
True,1,2,0,1,1,Home maintenance,30,3438,18550,6438,Small,421,981,-560,0.0544677239395037,0.5340167753960857,-1.5555555555555556
True,1,1,1,0,1,Build 6 months emergency fund,29,5003,27119,6459,Small,1603,6400,-4797,0.0258050246805744,0.7745781080662641,-13.78448275862069
False,0,2,1,1,0,Organise Christmas,8,2508,0,2779,Small,4487,5490,-1003,0.0441807905293173,0.9024829075206908,-10.447916666666666
False,1,1,1,1,0,Purchase a house / flat,3,3574,18757,5261,Big,9698,4634,5064,0.0411869094990275,0.6793385287968067,140.66666666666666
True,1,2,0,0,1,Fly First Class or in a Private Jet,14,2331,41114,2345,Big,9231,3022,6209,0.0431577008153584,0.9940298507462688,36.958333333333336
False,1,1,1,0,0,Dine at a Michelin-Star Restaurant,22,2722,47972,5469,Big,7722,17,7705,0.0738128002651808,0.4977143901993052,29.185606060606062
False,1,0,1,0,1,Sleep in an Ice Hotel,9,4109,39446,5613,Big,4476,4982,-506,0.0332447261384986,0.7320505968287903,-4.685185185185185
False,1,1,1,1,0,Scuba Diving in a Coral Reef,26,3393,15196,5033,Big,2783,286,2497,0.0437178918230169,0.6741506060003973,8.003205128205128
False,1,2,1,0,0,Go Paragliding,13,3029,24739,3245,Big,5624,5328,296,0.0353684603362608,0.9334360554699538,1.8974358974358974
False,1,0,1,1,1,Attend a Major Festival,23,3836,12243,4433,Big,3462,719,2743,0.0301259349709301,0.8653282201669299,9.93840579710145
True,0,1,1,1,0,Start a company,10,1172,0,5228,Big,3885,8783,-4898,0.3806101410616315,0.224177505738332,-40.81666666666667
True,1,0,0,1,0,College Fund for Children,20,2223,43541,5508,Big,6278,4132,2146,0.1114589650707272,0.4035947712418301,8.941666666666666
False,0,2,1,1,1,Refurbish my home,14,2783,0,4820,Big,9603,789,8814,0.0622329840238117,0.5773858921161825,52.464285714285715
False,1,2,0,1,1,Build 6 months emergency fund,20,1942,15599,3173,Small,5435,1332,4103,0.0841340162339143,0.6120390797352663,17.095833333333335
True,1,2,0,1,1,Saving for long break at work,13,2238,28592,5305,Small,4421,1161,3260,0.1059168908790483,0.4218661639962299,20.897435897435898
False,1,0,1,1,0,Build wealth through investments,22,1836,45961,3509,Small,8760,3236,5524,0.1040969522643237,0.5232259903106298,20.924242424242426
False,0,2,0,1,0,Starting a family,24,2783,0,2964,Big,1500,1909,-409,0.038269411752402,0.9389338731443996,-1.4201388888888888
False,0,2,0,0,1,Financial Independence,29,2279,0,5590,Big,5472,1764,3708,0.1076274764668383,0.4076923076923077,10.655172413793103
True,1,2,1,1,0,Go on an African Safari,17,2277,2250,5521,Big,3608,8278,-4670,0.1064857970397295,0.4124252852744068,-22.892156862745097
False,1,0,0,0,0,See the Northern Lights,18,1626,11267,1796,Big,2407,1106,1301,0.067930568604579,0.9053452115812918,6.023148148148148
False,1,1,0,1,1,Get a Degree or Certification,15,1062,47948,6761,Big,1366,2131,-765,0.5994623369898674,0.1570773554207957,-4.25
False,1,1,0,0,1,Learn to Play a Musical Instrument,27,2468,5289,4383,Big,2212,8727,-6515,0.0719583439500484,0.5630846452201689,-20.108024691358025
False,1,1,0,0,0,Fly First Class or in a Private Jet,24,1442,7324,6508,Big,1416,5784,-4368,0.31298031513482,0.2215734480639213,-15.166666666666666
True,0,1,1,0,1,Climb a Mountain,13,6671,0,6871,Big,4130,2231,1899,0.0154396719032643,0.97089215543589,12.173076923076923
False,0,2,1,1,1,Skydiving,25,1128,0,3221,Big,391,5085,-4694,0.2531468487500629,0.3502018006830177,-15.646666666666667
True,1,1,1,1,0,Explore Ancient Ruins,3,1991,6944,6171,Big,4447,9409,-4962,0.1556729037575165,0.3226381461675579,-137.83333333333334
True,0,1,0,0,0,Zip Line Through a Forest,3,1946,0,2876,Big,1929,4311,-2382,0.0759457035751519,0.6766342141863699,-66.16666666666667
True,1,1,1,1,0,Save for Retirement,29,3419,32423,3461,Big,1061,5984,-4923,0.0296076131515973,0.9878647789656168,-14.14655172413793
False,0,1,0,0,1,Start a company,24,4623,0,4820,Big,3196,5098,-1902,0.022552736790986,0.9591286307053942,-6.604166666666667
True,1,2,0,0,0,Refurbish my home,20,4475,12846,4892,Big,4146,1286,2860,0.0244287007271932,0.9147587898609976,11.916666666666666
False,1,0,0,1,0,Purchase a boat,12,1202,5571,2717,Big,1789,9906,-8117,0.1880531892215138,0.4423997055576003,-56.36805555555556
True,0,1,1,0,0,Wedding to attend,22,1538,0,4517,Small,622,7032,-6410,0.1909578074982963,0.3404914766437901,-24.28030303030303
True,0,0,1,0,1,Home maintenance,17,1230,0,1240,Small,5621,7375,-1754,0.0819617952277083,0.9919354838709676,-8.598039215686274
False,1,0,1,0,1,Build 12 months emergency fund,1,2785,16102,6279,Small,5471,5127,344,0.0809543302315237,0.4435419652810957,28.666666666666668
True,0,2,1,0,1,Saving for long break at work,5,2615,0,3372,Small,3155,2869,286,0.0493110419736115,0.7755041518386714,4.766666666666667
True,1,0,1,0,0,Starting a family,1,4087,13934,6212,Big,2249,5978,-3729,0.0371896568930867,0.6579201545396007,-310.75
False,0,2,0,0,0,Travel the World,6,1337,0,1682,Big,3352,2783,569,0.0940942699274825,0.7948870392390012,7.902777777777778
True,1,2,1,1,1,Backpack Through Continent,19,2263,25843,6623,Big,904,1113,-209,0.129325941010734,0.3416880567718556,-0.9166666666666666
True,1,1,1,0,0,See the Northern Lights,3,3897,31362,6174,Big,1857,9647,-7790,0.0406542369004166,0.6311953352769679,-216.38888888888889
False,0,1,0,0,0,Get a Degree or Certification,28,1308,0,1437,Big,2719,5347,-2628,0.0839926493280588,0.9102296450939458,-7.821428571428571
True,1,0,1,1,1,Take a Cooking Class,9,5658,46958,5780,Big,8806,4697,4109,0.0180551853930176,0.978892733564014,38.0462962962963
False,0,0,1,1,1,Stay in a Five-Star Hotel,4,2784,0,4863,Big,8283,7003,1280,0.0627430761989694,0.5724861196792104,26.666666666666668
False,1,1,1,0,1,Sleep in an Ice Hotel,18,2085,14678,2447,Big,3572,9961,-6389,0.056288781924101,0.8520637515324888,-29.578703703703702
False,0,2,0,0,0,Climb a Mountain,4,2383,0,3970,Big,7187,6803,384,0.0699105022303563,0.6002518891687657,8.0
True,0,2,1,0,0,Explore Ancient Ruins,9,2840,0,6691,Big,8240,2109,6131,0.0829572505455266,0.42445075474518,56.76851851851852
True,1,1,0,0,1,Attend a Major Festival,14,2272,27308,3327,Big,218,3483,-3265,0.064451962656219,0.682897505259994,-19.43452380952381
False,1,1,0,0,1,Attend a Major Sporting Event,9,1071,22806,6714,Big,6881,9970,-3089,0.5853321720845202,0.1595174262734584,-28.60185185185185
True,0,1,0,0,1,Purchase a car,6,1699,0,5789,Big,6131,2317,3814,0.2005472872766274,0.2934876489894628,52.97222222222222
True,0,1,1,0,0,Purchase a boat,6,4908,0,6299,Big,2458,8954,-6496,0.0261494464736315,0.7791712970312749,-90.22222222222223
True,0,2,0,1,1,Build 3 months emergency fund,19,1572,0,1962,Small,152,4438,-4286,0.0793951401433482,0.8012232415902141,-18.79824561403509
True,0,0,1,0,1,Going on holidays in December,13,3244,0,6888,Small,1717,4575,-2858,0.0654532849034773,0.4709639953542393,-18.32051282051282
True,1,0,0,0,0,Birthday of family member or friend,17,1418,7823,5657,Small,3062,1607,1455,0.2813414471603263,0.2506628955276648,7.132352941176471
False,0,1,1,1,1,Organise Christmas,27,1425,0,2942,Small,2904,4835,-1931,0.1448815020006156,0.4843643779741672,-5.959876543209877
True,1,1,0,0,0,Get a Degree or Certification,12,3625,35278,6196,Big,2392,8950,-6558,0.0471514863258026,0.5850548741123305,-45.541666666666664
True,0,2,1,1,1,Learn a New Language,27,1333,0,2461,Big,3477,534,2943,0.138500491589514,0.5416497358797236,9.083333333333334
False,0,1,0,1,0,Learn to Play a Musical Instrument,10,2182,0,3725,Big,3895,6744,-2849,0.0782378278742582,0.5857718120805369,-23.741666666666667
True,1,2,0,0,1,Skydiving,30,1658,49865,5546,Big,3494,6026,-2532,0.2017487315221298,0.2989542012261089,-7.033333333333333
True,0,1,1,0,1,Swim with Dolphins or Sharks,18,5090,0,6372,Big,2804,4062,-1258,0.0245946248470555,0.7988072818581293,-5.824074074074074
True,0,0,0,0,0,Camp Under the Stars,26,2049,0,6407,Big,9651,9161,490,0.1526057182246288,0.3198064616825347,1.5705128205128205
True,1,2,0,0,1,Purchase a boat,15,2328,7903,5775,Big,5006,1527,3479,0.1065579941191058,0.4031168831168831,19.32777777777778
True,0,1,1,0,0,Purchase a land,20,3491,0,5155,Big,5218,4964,254,0.0422988901115862,0.6772065955383123,1.0583333333333333
False,0,1,0,1,1,Home maintenance,9,1195,0,5177,Small,704,2144,-1440,0.3625286672152098,0.2308286652501448,-13.333333333333334
True,0,0,1,1,1,Build 3 months emergency fund,14,3739,0,6608,Small,5263,1293,3970,0.0472671159283957,0.5658292978208233,23.63095238095238
